"Benchmark","Mode","Threads","Samples","Score","Score Error (99.9%)","Unit","Param: corpus","Param: fixedHighBits","Param: n","Param: prefixLength"
"edu.neu.coe.huskySort.sort.huskySort.AdversarialSortBenchmarks.collapsedBitsDualPivotQuicksort","avgt",1,10,30.428561,0.472817,"ms/op",,0,200000,
"edu.neu.coe.huskySort.sort.huskySort.AdversarialSortBenchmarks.collapsedBitsDualPivotQuicksort","avgt",1,10,352.773052,17.882798,"ms/op",,0,1000000,
"edu.neu.coe.huskySort.sort.huskySort.AdversarialSortBenchmarks.collapsedBitsDualPivotQuicksort","avgt",1,10,30.402867,0.496371,"ms/op",,16,200000,
"edu.neu.coe.huskySort.sort.huskySort.AdversarialSortBenchmarks.collapsedBitsDualPivotQuicksort","avgt",1,10,308.090205,4.286754,"ms/op",,16,1000000,
"edu.neu.coe.huskySort.sort.huskySort.AdversarialSortBenchmarks.collapsedBitsDualPivotQuicksort","avgt",1,10,30.109007,0.253709,"ms/op",,32,200000,
"edu.neu.coe.huskySort.sort.huskySort.AdversarialSortBenchmarks.collapsedBitsDualPivotQuicksort","avgt",1,10,350.939914,18.411331,"ms/op",,32,1000000,
"edu.neu.coe.huskySort.sort.huskySort.AdversarialSortBenchmarks.collapsedBitsDualPivotQuicksort","avgt",1,10,30.759188,1.696924,"ms/op",,48,200000,
"edu.neu.coe.huskySort.sort.huskySort.AdversarialSortBenchmarks.collapsedBitsDualPivotQuicksort","avgt",1,10,346.923237,23.266234,"ms/op",,48,1000000,
"edu.neu.coe.huskySort.sort.huskySort.AdversarialSortBenchmarks.collapsedBitsDualPivotQuicksort","avgt",1,10,219.199732,0.381873,"ms/op",,56,200000,
"edu.neu.coe.huskySort.sort.huskySort.AdversarialSortBenchmarks.collapsedBitsDualPivotQuicksort","avgt",1,10,7376.410584,12.991286,"ms/op",,56,1000000,
"edu.neu.coe.huskySort.sort.huskySort.AdversarialSortBenchmarks.collapsedBitsDualPivotQuicksort","avgt",1,10,5118.611978,635.899907,"ms/op",,60,200000,
"edu.neu.coe.huskySort.sort.huskySort.AdversarialSortBenchmarks.collapsedBitsQuickHuskySort","avgt",1,10,31.167086,0.414165,"ms/op",,0,200000,
"edu.neu.coe.huskySort.sort.huskySort.AdversarialSortBenchmarks.collapsedBitsQuickHuskySort","avgt",1,10,460.150837,28.677712,"ms/op",,0,1000000,
"edu.neu.coe.huskySort.sort.huskySort.AdversarialSortBenchmarks.collapsedBitsQuickHuskySort","avgt",1,10,31.056052,0.598607,"ms/op",,16,200000,
"edu.neu.coe.huskySort.sort.huskySort.AdversarialSortBenchmarks.collapsedBitsQuickHuskySort","avgt",1,10,438.912162,18.625781,"ms/op",,16,1000000,
"edu.neu.coe.huskySort.sort.huskySort.AdversarialSortBenchmarks.collapsedBitsQuickHuskySort","avgt",1,10,30.299229,0.480889,"ms/op",,32,200000,
"edu.neu.coe.huskySort.sort.huskySort.AdversarialSortBenchmarks.collapsedBitsQuickHuskySort","avgt",1,10,463.017069,18.740904,"ms/op",,32,1000000,
"edu.neu.coe.huskySort.sort.huskySort.AdversarialSortBenchmarks.collapsedBitsQuickHuskySort","avgt",1,10,31.151187,0.408470,"ms/op",,48,200000,
"edu.neu.coe.huskySort.sort.huskySort.AdversarialSortBenchmarks.collapsedBitsQuickHuskySort","avgt",1,10,401.525400,20.923380,"ms/op",,48,1000000,
"edu.neu.coe.huskySort.sort.huskySort.AdversarialSortBenchmarks.collapsedBitsQuickHuskySort","avgt",1,10,15.264040,0.021030,"ms/op",,56,200000,
"edu.neu.coe.huskySort.sort.huskySort.AdversarialSortBenchmarks.collapsedBitsQuickHuskySort","avgt",1,10,197.898029,14.260452,"ms/op",,56,1000000,
"edu.neu.coe.huskySort.sort.huskySort.AdversarialSortBenchmarks.collapsedBitsQuickHuskySort","avgt",1,10,7.723273,0.404366,"ms/op",,60,200000,
"edu.neu.coe.huskySort.sort.huskySort.AdversarialSortBenchmarks.collapsedBitsQuickHuskySort","avgt",1,10,71.127505,1.966476,"ms/op",,60,1000000,
"edu.neu.coe.huskySort.sort.huskySort.AdversarialSortBenchmarks.collapsedBitsQuickHuskySort","avgt",1,10,1.900562,0.039965,"ms/op",,63,200000,
"edu.neu.coe.huskySort.sort.huskySort.AdversarialSortBenchmarks.collapsedBitsQuickHuskySort","avgt",1,10,15.107656,1.207367,"ms/op",,63,1000000,
"edu.neu.coe.huskySort.sort.huskySort.AdversarialSortBenchmarks.collapsedBitsRadixHuskySort11","avgt",1,10,8.918415,0.123046,"ms/op",,0,200000,
"edu.neu.coe.huskySort.sort.huskySort.AdversarialSortBenchmarks.collapsedBitsRadixHuskySort11","avgt",1,10,74.621708,6.110867,"ms/op",,0,1000000,
"edu.neu.coe.huskySort.sort.huskySort.AdversarialSortBenchmarks.collapsedBitsRadixHuskySort11","avgt",1,10,8.772479,0.330657,"ms/op",,16,200000,
"edu.neu.coe.huskySort.sort.huskySort.AdversarialSortBenchmarks.collapsedBitsRadixHuskySort11","avgt",1,10,75.775121,7.620002,"ms/op",,16,1000000,
"edu.neu.coe.huskySort.sort.huskySort.AdversarialSortBenchmarks.collapsedBitsRadixHuskySort11","avgt",1,10,9.432857,0.445743,"ms/op",,32,200000,
"edu.neu.coe.huskySort.sort.huskySort.AdversarialSortBenchmarks.collapsedBitsRadixHuskySort11","avgt",1,10,76.047077,5.715329,"ms/op",,32,1000000,
"edu.neu.coe.huskySort.sort.huskySort.AdversarialSortBenchmarks.collapsedBitsRadixHuskySort11","avgt",1,10,9.626302,0.173411,"ms/op",,48,200000,
"edu.neu.coe.huskySort.sort.huskySort.AdversarialSortBenchmarks.collapsedBitsRadixHuskySort11","avgt",1,10,76.569177,6.045195,"ms/op",,48,1000000,
"edu.neu.coe.huskySort.sort.huskySort.AdversarialSortBenchmarks.collapsedBitsRadixHuskySort11","avgt",1,10,9.533337,0.285609,"ms/op",,56,200000,
"edu.neu.coe.huskySort.sort.huskySort.AdversarialSortBenchmarks.collapsedBitsRadixHuskySort11","avgt",1,10,70.165684,5.395316,"ms/op",,56,1000000,
"edu.neu.coe.huskySort.sort.huskySort.AdversarialSortBenchmarks.collapsedBitsRadixHuskySort11","avgt",1,10,8.174645,0.089126,"ms/op",,60,200000,
"edu.neu.coe.huskySort.sort.huskySort.AdversarialSortBenchmarks.collapsedBitsRadixHuskySort11","avgt",1,10,56.633628,4.679298,"ms/op",,60,1000000,
"edu.neu.coe.huskySort.sort.huskySort.AdversarialSortBenchmarks.collapsedBitsRadixHuskySort11","avgt",1,10,6.890238,0.528780,"ms/op",,63,200000,
"edu.neu.coe.huskySort.sort.huskySort.AdversarialSortBenchmarks.collapsedBitsRadixHuskySort11","avgt",1,10,42.586244,6.596109,"ms/op",,63,1000000,
"edu.neu.coe.huskySort.sort.huskySort.AdversarialSortBenchmarks.collapsedBitsRadixHuskySort16","avgt",1,10,9.505644,0.233482,"ms/op",,0,200000,
"edu.neu.coe.huskySort.sort.huskySort.AdversarialSortBenchmarks.collapsedBitsRadixHuskySort16","avgt",1,10,75.426698,4.530759,"ms/op",,0,1000000,
"edu.neu.coe.huskySort.sort.huskySort.AdversarialSortBenchmarks.collapsedBitsRadixHuskySort16","avgt",1,10,9.017335,0.196473,"ms/op",,16,200000,
"edu.neu.coe.huskySort.sort.huskySort.AdversarialSortBenchmarks.collapsedBitsRadixHuskySort16","avgt",1,10,71.506615,4.484092,"ms/op",,16,1000000,
"edu.neu.coe.huskySort.sort.huskySort.AdversarialSortBenchmarks.collapsedBitsRadixHuskySort16","avgt",1,10,8.739208,0.250991,"ms/op",,32,200000,
"edu.neu.coe.huskySort.sort.huskySort.AdversarialSortBenchmarks.collapsedBitsRadixHuskySort16","avgt",1,10,66.130374,3.809443,"ms/op",,32,1000000,
"edu.neu.coe.huskySort.sort.huskySort.AdversarialSortBenchmarks.collapsedBitsRadixHuskySort16","avgt",1,10,8.735553,0.204702,"ms/op",,48,200000,
"edu.neu.coe.huskySort.sort.huskySort.AdversarialSortBenchmarks.collapsedBitsRadixHuskySort16","avgt",1,10,66.072744,4.938924,"ms/op",,48,1000000,
"edu.neu.coe.huskySort.sort.huskySort.AdversarialSortBenchmarks.collapsedBitsRadixHuskySort16","avgt",1,10,7.887602,0.171189,"ms/op",,56,200000,
"edu.neu.coe.huskySort.sort.huskySort.AdversarialSortBenchmarks.collapsedBitsRadixHuskySort16","avgt",1,10,55.639098,4.080801,"ms/op",,56,1000000,
"edu.neu.coe.huskySort.sort.huskySort.AdversarialSortBenchmarks.collapsedBitsRadixHuskySort16","avgt",1,10,6.437717,0.057562,"ms/op",,60,200000,
"edu.neu.coe.huskySort.sort.huskySort.AdversarialSortBenchmarks.collapsedBitsRadixHuskySort16","avgt",1,10,42.364069,3.386579,"ms/op",,60,1000000,
"edu.neu.coe.huskySort.sort.huskySort.AdversarialSortBenchmarks.collapsedBitsRadixHuskySort16","avgt",1,10,5.398015,0.037152,"ms/op",,63,200000,
"edu.neu.coe.huskySort.sort.huskySort.AdversarialSortBenchmarks.collapsedBitsRadixHuskySort16","avgt",1,10,30.209590,2.722479,"ms/op",,63,1000000,
"edu.neu.coe.huskySort.sort.huskySort.AdversarialSortBenchmarks.collapsedBitsRadixHuskySort8","avgt",1,10,9.735411,0.208847,"ms/op",,0,200000,
"edu.neu.coe.huskySort.sort.huskySort.AdversarialSortBenchmarks.collapsedBitsRadixHuskySort8","avgt",1,10,77.247191,6.303425,"ms/op",,0,1000000,
"edu.neu.coe.huskySort.sort.huskySort.AdversarialSortBenchmarks.collapsedBitsRadixHuskySort8","avgt",1,10,10.354868,0.191920,"ms/op",,16,200000,
"edu.neu.coe.huskySort.sort.huskySort.AdversarialSortBenchmarks.collapsedBitsRadixHuskySort8","avgt",1,10,79.759464,6.803876,"ms/op",,16,1000000,
"edu.neu.coe.huskySort.sort.huskySort.AdversarialSortBenchmarks.collapsedBitsRadixHuskySort8","avgt",1,10,10.778073,0.252339,"ms/op",,32,200000,
"edu.neu.coe.huskySort.sort.huskySort.AdversarialSortBenchmarks.collapsedBitsRadixHuskySort8","avgt",1,10,80.760754,6.096849,"ms/op",,32,1000000,
"edu.neu.coe.huskySort.sort.huskySort.AdversarialSortBenchmarks.collapsedBitsRadixHuskySort8","avgt",1,10,11.440990,0.173783,"ms/op",,48,200000,
"edu.neu.coe.huskySort.sort.huskySort.AdversarialSortBenchmarks.collapsedBitsRadixHuskySort8","avgt",1,10,76.391510,4.327949,"ms/op",,48,1000000,
"edu.neu.coe.huskySort.sort.huskySort.AdversarialSortBenchmarks.collapsedBitsRadixHuskySort8","avgt",1,10,11.924904,0.662298,"ms/op",,56,200000,
"edu.neu.coe.huskySort.sort.huskySort.AdversarialSortBenchmarks.collapsedBitsRadixHuskySort8","avgt",1,10,79.880782,5.677463,"ms/op",,56,1000000,
"edu.neu.coe.huskySort.sort.huskySort.AdversarialSortBenchmarks.collapsedBitsRadixHuskySort8","avgt",1,10,10.140152,0.068223,"ms/op",,60,200000,
"edu.neu.coe.huskySort.sort.huskySort.AdversarialSortBenchmarks.collapsedBitsRadixHuskySort8","avgt",1,10,63.495604,5.307544,"ms/op",,60,1000000,
"edu.neu.coe.huskySort.sort.huskySort.AdversarialSortBenchmarks.collapsedBitsRadixHuskySort8","avgt",1,10,8.371687,0.051555,"ms/op",,63,200000,
"edu.neu.coe.huskySort.sort.huskySort.AdversarialSortBenchmarks.collapsedBitsRadixHuskySort8","avgt",1,10,49.453114,6.735488,"ms/op",,63,1000000,
"edu.neu.coe.huskySort.sort.huskySort.AdversarialSortBenchmarks.collapsedBitsSystemSort","avgt",1,10,40.902225,0.421988,"ms/op",,0,200000,
"edu.neu.coe.huskySort.sort.huskySort.AdversarialSortBenchmarks.collapsedBitsSystemSort","avgt",1,10,512.843471,46.745228,"ms/op",,0,1000000,
"edu.neu.coe.huskySort.sort.huskySort.AdversarialSortBenchmarks.collapsedBitsSystemSort","avgt",1,10,40.884857,0.368234,"ms/op",,16,200000,
"edu.neu.coe.huskySort.sort.huskySort.AdversarialSortBenchmarks.collapsedBitsSystemSort","avgt",1,10,488.412082,4.530055,"ms/op",,16,1000000,
"edu.neu.coe.huskySort.sort.huskySort.AdversarialSortBenchmarks.collapsedBitsSystemSort","avgt",1,10,40.832495,0.621672,"ms/op",,32,200000,
"edu.neu.coe.huskySort.sort.huskySort.AdversarialSortBenchmarks.collapsedBitsSystemSort","avgt",1,10,522.094141,36.512672,"ms/op",,32,1000000,
"edu.neu.coe.huskySort.sort.huskySort.AdversarialSortBenchmarks.collapsedBitsSystemSort","avgt",1,10,41.566362,1.964412,"ms/op",,48,200000,
"edu.neu.coe.huskySort.sort.huskySort.AdversarialSortBenchmarks.collapsedBitsSystemSort","avgt",1,10,527.258932,36.394592,"ms/op",,48,1000000,
"edu.neu.coe.huskySort.sort.huskySort.AdversarialSortBenchmarks.collapsedBitsSystemSort","avgt",1,10,28.242557,0.410009,"ms/op",,56,200000,
"edu.neu.coe.huskySort.sort.huskySort.AdversarialSortBenchmarks.collapsedBitsSystemSort","avgt",1,10,178.310365,1.592031,"ms/op",,56,1000000,
"edu.neu.coe.huskySort.sort.huskySort.AdversarialSortBenchmarks.collapsedBitsSystemSort","avgt",1,10,16.687498,0.271634,"ms/op",,60,200000,
"edu.neu.coe.huskySort.sort.huskySort.AdversarialSortBenchmarks.collapsedBitsSystemSort","avgt",1,10,116.254658,1.023832,"ms/op",,60,1000000,
"edu.neu.coe.huskySort.sort.huskySort.AdversarialSortBenchmarks.collapsedBitsSystemSort","avgt",1,10,7.222167,0.686727,"ms/op",,63,200000,
"edu.neu.coe.huskySort.sort.huskySort.AdversarialSortBenchmarks.collapsedBitsSystemSort","avgt",1,10,45.316144,1.065476,"ms/op",,63,1000000,
"edu.neu.coe.huskySort.sort.huskySort.AdversarialSortBenchmarks.sharedPrefixQuickHuskySort","avgt",1,10,72.534535,1.308012,"ms/op",,,200000,0
"edu.neu.coe.huskySort.sort.huskySort.AdversarialSortBenchmarks.sharedPrefixQuickHuskySort","avgt",1,10,92.128310,1.279914,"ms/op",,,200000,10
"edu.neu.coe.huskySort.sort.huskySort.AdversarialSortBenchmarks.sharedPrefixQuickHuskySort","avgt",1,10,96.271537,4.663582,"ms/op",,,200000,20
"edu.neu.coe.huskySort.sort.huskySort.AdversarialSortBenchmarks.sharedPrefixQuickHuskySort","avgt",1,10,105.693405,2.054372,"ms/op",,,200000,40
"edu.neu.coe.huskySort.sort.huskySort.AdversarialSortBenchmarks.sharedPrefixQuickHuskySort","avgt",1,10,611.873004,9.703997,"ms/op",,,1000000,0
"edu.neu.coe.huskySort.sort.huskySort.AdversarialSortBenchmarks.sharedPrefixQuickHuskySort","avgt",1,10,929.026949,24.499397,"ms/op",,,1000000,10
"edu.neu.coe.huskySort.sort.huskySort.AdversarialSortBenchmarks.sharedPrefixQuickHuskySort","avgt",1,10,955.438000,12.420213,"ms/op",,,1000000,20
"edu.neu.coe.huskySort.sort.huskySort.AdversarialSortBenchmarks.sharedPrefixQuickHuskySort","avgt",1,10,956.614763,24.954304,"ms/op",,,1000000,40
"edu.neu.coe.huskySort.sort.huskySort.AdversarialSortBenchmarks.sharedPrefixRadixHuskySort11","avgt",1,10,50.169273,1.648167,"ms/op",,,200000,0
"edu.neu.coe.huskySort.sort.huskySort.AdversarialSortBenchmarks.sharedPrefixRadixHuskySort11","avgt",1,10,100.714966,2.884619,"ms/op",,,200000,10
"edu.neu.coe.huskySort.sort.huskySort.AdversarialSortBenchmarks.sharedPrefixRadixHuskySort11","avgt",1,10,103.671587,1.249300,"ms/op",,,200000,20
"edu.neu.coe.huskySort.sort.huskySort.AdversarialSortBenchmarks.sharedPrefixRadixHuskySort11","avgt",1,10,113.724690,3.580062,"ms/op",,,200000,40
"edu.neu.coe.huskySort.sort.huskySort.AdversarialSortBenchmarks.sharedPrefixRadixHuskySort11","avgt",1,10,260.002780,10.904966,"ms/op",,,1000000,0
"edu.neu.coe.huskySort.sort.huskySort.AdversarialSortBenchmarks.sharedPrefixRadixHuskySort11","avgt",1,10,935.505605,44.077726,"ms/op",,,1000000,10
"edu.neu.coe.huskySort.sort.huskySort.AdversarialSortBenchmarks.sharedPrefixRadixHuskySort11","avgt",1,10,930.751675,31.704431,"ms/op",,,1000000,20
"edu.neu.coe.huskySort.sort.huskySort.AdversarialSortBenchmarks.sharedPrefixRadixHuskySort11","avgt",1,10,997.729126,27.873524,"ms/op",,,1000000,40
"edu.neu.coe.huskySort.sort.huskySort.AdversarialSortBenchmarks.sharedPrefixRadixHuskySort16","avgt",1,10,48.738019,1.844796,"ms/op",,,200000,0
"edu.neu.coe.huskySort.sort.huskySort.AdversarialSortBenchmarks.sharedPrefixRadixHuskySort16","avgt",1,10,96.521947,2.062570,"ms/op",,,200000,10
"edu.neu.coe.huskySort.sort.huskySort.AdversarialSortBenchmarks.sharedPrefixRadixHuskySort16","avgt",1,10,101.013303,1.176564,"ms/op",,,200000,20
"edu.neu.coe.huskySort.sort.huskySort.AdversarialSortBenchmarks.sharedPrefixRadixHuskySort16","avgt",1,10,115.477525,3.161965,"ms/op",,,200000,40
"edu.neu.coe.huskySort.sort.huskySort.AdversarialSortBenchmarks.sharedPrefixRadixHuskySort16","avgt",1,10,254.526608,33.052658,"ms/op",,,1000000,0
"edu.neu.coe.huskySort.sort.huskySort.AdversarialSortBenchmarks.sharedPrefixRadixHuskySort16","avgt",1,10,916.683555,58.557990,"ms/op",,,1000000,10
"edu.neu.coe.huskySort.sort.huskySort.AdversarialSortBenchmarks.sharedPrefixRadixHuskySort16","avgt",1,10,909.596537,33.395175,"ms/op",,,1000000,20
"edu.neu.coe.huskySort.sort.huskySort.AdversarialSortBenchmarks.sharedPrefixRadixHuskySort16","avgt",1,10,1002.324374,50.121130,"ms/op",,,1000000,40
"edu.neu.coe.huskySort.sort.huskySort.AdversarialSortBenchmarks.sharedPrefixRadixHuskySort8","avgt",1,10,51.778081,2.046173,"ms/op",,,200000,0
"edu.neu.coe.huskySort.sort.huskySort.AdversarialSortBenchmarks.sharedPrefixRadixHuskySort8","avgt",1,10,100.946502,1.957840,"ms/op",,,200000,10
"edu.neu.coe.huskySort.sort.huskySort.AdversarialSortBenchmarks.sharedPrefixRadixHuskySort8","avgt",1,10,104.006192,3.588426,"ms/op",,,200000,20
"edu.neu.coe.huskySort.sort.huskySort.AdversarialSortBenchmarks.sharedPrefixRadixHuskySort8","avgt",1,10,114.196084,2.378147,"ms/op",,,200000,40
"edu.neu.coe.huskySort.sort.huskySort.AdversarialSortBenchmarks.sharedPrefixRadixHuskySort8","avgt",1,10,267.317980,8.117869,"ms/op",,,1000000,0
"edu.neu.coe.huskySort.sort.huskySort.AdversarialSortBenchmarks.sharedPrefixRadixHuskySort8","avgt",1,10,958.234603,32.021526,"ms/op",,,1000000,10
"edu.neu.coe.huskySort.sort.huskySort.AdversarialSortBenchmarks.sharedPrefixRadixHuskySort8","avgt",1,10,979.233533,75.381763,"ms/op",,,1000000,20
"edu.neu.coe.huskySort.sort.huskySort.AdversarialSortBenchmarks.sharedPrefixRadixHuskySort8","avgt",1,10,997.692402,25.928551,"ms/op",,,1000000,40
"edu.neu.coe.huskySort.sort.huskySort.AdversarialSortBenchmarks.sharedPrefixSystemSort","avgt",1,10,175.924174,22.844691,"ms/op",,,200000,0
"edu.neu.coe.huskySort.sort.huskySort.AdversarialSortBenchmarks.sharedPrefixSystemSort","avgt",1,10,95.161772,1.208545,"ms/op",,,200000,10
"edu.neu.coe.huskySort.sort.huskySort.AdversarialSortBenchmarks.sharedPrefixSystemSort","avgt",1,10,99.678098,2.529191,"ms/op",,,200000,20
"edu.neu.coe.huskySort.sort.huskySort.AdversarialSortBenchmarks.sharedPrefixSystemSort","avgt",1,10,110.805256,4.239477,"ms/op",,,200000,40
"edu.neu.coe.huskySort.sort.huskySort.AdversarialSortBenchmarks.sharedPrefixSystemSort","avgt",1,10,1552.046169,81.339515,"ms/op",,,1000000,0
"edu.neu.coe.huskySort.sort.huskySort.AdversarialSortBenchmarks.sharedPrefixSystemSort","avgt",1,10,913.808386,40.161838,"ms/op",,,1000000,10
"edu.neu.coe.huskySort.sort.huskySort.AdversarialSortBenchmarks.sharedPrefixSystemSort","avgt",1,10,894.812332,5.839421,"ms/op",,,1000000,20
"edu.neu.coe.huskySort.sort.huskySort.AdversarialSortBenchmarks.sharedPrefixSystemSort","avgt",1,10,952.403211,40.168475,"ms/op",,,1000000,40
"edu.neu.coe.huskySort.sort.huskySort.DateSortBenchmarks.dutchHuskySort","avgt",1,10,4.433104,0.067547,"ms/op",,,20000,
"edu.neu.coe.huskySort.sort.huskySort.DateSortBenchmarks.dutchHuskySortWithInsertion","avgt",1,10,4.393730,0.106661,"ms/op",,,20000,
"edu.neu.coe.huskySort.sort.huskySort.DateSortBenchmarks.radixHuskySort11","avgt",1,10,0.793385,0.107251,"ms/op",,,20000,
"edu.neu.coe.huskySort.sort.huskySort.DateSortBenchmarks.radixHuskySort16","avgt",1,10,0.840079,0.098264,"ms/op",,,20000,
"edu.neu.coe.huskySort.sort.huskySort.DateSortBenchmarks.radixHuskySort8","avgt",1,10,0.889623,0.085686,"ms/op",,,20000,
"edu.neu.coe.huskySort.sort.huskySort.DateSortBenchmarks.systemSort","avgt",1,10,3.864808,0.108525,"ms/op",,,20000,
"edu.neu.coe.huskySort.sort.huskySort.NumericSortBenchmarks.bigDecimalDualPivotQuicksort","avgt",1,10,5.148910,0.021767,"ms/op",,,20000,
"edu.neu.coe.huskySort.sort.huskySort.NumericSortBenchmarks.bigDecimalDualPivotQuicksort","avgt",1,10,40.515717,16.736704,"ms/op",,,100000,
"edu.neu.coe.huskySort.sort.huskySort.NumericSortBenchmarks.bigDecimalDualPivotQuicksort","avgt",1,10,273.471057,48.912529,"ms/op",,,500000,
"edu.neu.coe.huskySort.sort.huskySort.NumericSortBenchmarks.bigDecimalQuickHuskySort","avgt",1,10,2.738185,0.056595,"ms/op",,,20000,
"edu.neu.coe.huskySort.sort.huskySort.NumericSortBenchmarks.bigDecimalQuickHuskySort","avgt",1,10,19.856727,0.782754,"ms/op",,,100000,
"edu.neu.coe.huskySort.sort.huskySort.NumericSortBenchmarks.bigDecimalQuickHuskySort","avgt",1,10,159.502047,2.046636,"ms/op",,,500000,
"edu.neu.coe.huskySort.sort.huskySort.NumericSortBenchmarks.bigDecimalRadixHuskySort11","avgt",1,10,1.038361,0.078274,"ms/op",,,20000,
"edu.neu.coe.huskySort.sort.huskySort.NumericSortBenchmarks.bigDecimalRadixHuskySort11","avgt",1,10,8.386527,0.183690,"ms/op",,,100000,
"edu.neu.coe.huskySort.sort.huskySort.NumericSortBenchmarks.bigDecimalRadixHuskySort11","avgt",1,10,53.203682,1.349699,"ms/op",,,500000,
"edu.neu.coe.huskySort.sort.huskySort.NumericSortBenchmarks.bigDecimalRadixHuskySort16","avgt",1,10,1.168451,0.062437,"ms/op",,,20000,
"edu.neu.coe.huskySort.sort.huskySort.NumericSortBenchmarks.bigDecimalRadixHuskySort16","avgt",1,10,7.864860,0.399427,"ms/op",,,100000,
"edu.neu.coe.huskySort.sort.huskySort.NumericSortBenchmarks.bigDecimalRadixHuskySort16","avgt",1,10,53.746250,0.685546,"ms/op",,,500000,
"edu.neu.coe.huskySort.sort.huskySort.NumericSortBenchmarks.bigDecimalRadixHuskySort8","avgt",1,10,1.115478,0.065292,"ms/op",,,20000,
"edu.neu.coe.huskySort.sort.huskySort.NumericSortBenchmarks.bigDecimalRadixHuskySort8","avgt",1,10,8.373349,0.485315,"ms/op",,,100000,
"edu.neu.coe.huskySort.sort.huskySort.NumericSortBenchmarks.bigDecimalRadixHuskySort8","avgt",1,10,54.354724,0.466516,"ms/op",,,500000,
"edu.neu.coe.huskySort.sort.huskySort.NumericSortBenchmarks.bigDecimalRawQuicksort","avgt",1,10,1.464147,0.002623,"ms/op",,,20000,
"edu.neu.coe.huskySort.sort.huskySort.NumericSortBenchmarks.bigDecimalRawQuicksort","avgt",1,10,8.758903,0.116709,"ms/op",,,100000,
"edu.neu.coe.huskySort.sort.huskySort.NumericSortBenchmarks.bigDecimalRawQuicksort","avgt",1,10,47.671469,0.174242,"ms/op",,,500000,
"edu.neu.coe.huskySort.sort.huskySort.NumericSortBenchmarks.bigDecimalRawRadixSort","avgt",1,10,0.775376,0.004586,"ms/op",,,20000,
"edu.neu.coe.huskySort.sort.huskySort.NumericSortBenchmarks.bigDecimalRawRadixSort","avgt",1,10,3.470249,0.023416,"ms/op",,,100000,
"edu.neu.coe.huskySort.sort.huskySort.NumericSortBenchmarks.bigDecimalRawRadixSort","avgt",1,10,17.153855,0.075589,"ms/op",,,500000,
"edu.neu.coe.huskySort.sort.huskySort.NumericSortBenchmarks.bigDecimalSystemSort","avgt",1,10,5.190101,0.052517,"ms/op",,,20000,
"edu.neu.coe.huskySort.sort.huskySort.NumericSortBenchmarks.bigDecimalSystemSort","avgt",1,10,36.976617,0.581556,"ms/op",,,100000,
"edu.neu.coe.huskySort.sort.huskySort.NumericSortBenchmarks.bigDecimalSystemSort","avgt",1,10,270.369804,5.238310,"ms/op",,,500000,
"edu.neu.coe.huskySort.sort.huskySort.NumericSortBenchmarks.bigIntegerDualPivotQuicksort","avgt",1,10,4.859625,4.071986,"ms/op",,,20000,
"edu.neu.coe.huskySort.sort.huskySort.NumericSortBenchmarks.bigIntegerDualPivotQuicksort","avgt",1,10,32.160837,25.477628,"ms/op",,,100000,
"edu.neu.coe.huskySort.sort.huskySort.NumericSortBenchmarks.bigIntegerDualPivotQuicksort","avgt",1,10,250.656282,65.001416,"ms/op",,,500000,
"edu.neu.coe.huskySort.sort.huskySort.NumericSortBenchmarks.bigIntegerQuickHuskySort","avgt",1,10,2.708063,0.075713,"ms/op",,,20000,
"edu.neu.coe.huskySort.sort.huskySort.NumericSortBenchmarks.bigIntegerQuickHuskySort","avgt",1,10,16.304693,0.282761,"ms/op",,,100000,
"edu.neu.coe.huskySort.sort.huskySort.NumericSortBenchmarks.bigIntegerQuickHuskySort","avgt",1,10,154.562303,3.261615,"ms/op",,,500000,
"edu.neu.coe.huskySort.sort.huskySort.NumericSortBenchmarks.bigIntegerRadixHuskySort11","avgt",1,10,0.941185,0.069698,"ms/op",,,20000,
"edu.neu.coe.huskySort.sort.huskySort.NumericSortBenchmarks.bigIntegerRadixHuskySort11","avgt",1,10,6.259874,0.150976,"ms/op",,,100000,
"edu.neu.coe.huskySort.sort.huskySort.NumericSortBenchmarks.bigIntegerRadixHuskySort11","avgt",1,10,55.725408,0.762192,"ms/op",,,500000,
"edu.neu.coe.huskySort.sort.huskySort.NumericSortBenchmarks.bigIntegerRadixHuskySort16","avgt",1,10,1.025859,0.072582,"ms/op",,,20000,
"edu.neu.coe.huskySort.sort.huskySort.NumericSortBenchmarks.bigIntegerRadixHuskySort16","avgt",1,10,6.250614,0.348581,"ms/op",,,100000,
"edu.neu.coe.huskySort.sort.huskySort.NumericSortBenchmarks.bigIntegerRadixHuskySort16","avgt",1,10,54.912996,1.327353,"ms/op",,,500000,
"edu.neu.coe.huskySort.sort.huskySort.NumericSortBenchmarks.bigIntegerRadixHuskySort8","avgt",1,10,1.016296,0.066899,"ms/op",,,20000,
"edu.neu.coe.huskySort.sort.huskySort.NumericSortBenchmarks.bigIntegerRadixHuskySort8","avgt",1,10,7.143216,0.747738,"ms/op",,,100000,
"edu.neu.coe.huskySort.sort.huskySort.NumericSortBenchmarks.bigIntegerRadixHuskySort8","avgt",1,10,58.504748,2.079836,"ms/op",,,500000,
"edu.neu.coe.huskySort.sort.huskySort.NumericSortBenchmarks.bigIntegerRawQuicksort","avgt",1,10,1.265932,0.004710,"ms/op",,,20000,
"edu.neu.coe.huskySort.sort.huskySort.NumericSortBenchmarks.bigIntegerRawQuicksort","avgt",1,10,7.563027,0.019135,"ms/op",,,100000,
"edu.neu.coe.huskySort.sort.huskySort.NumericSortBenchmarks.bigIntegerRawQuicksort","avgt",1,10,42.815383,1.000104,"ms/op",,,500000,
"edu.neu.coe.huskySort.sort.huskySort.NumericSortBenchmarks.bigIntegerRawRadixSort","avgt",1,10,0.734652,0.001946,"ms/op",,,20000,
"edu.neu.coe.huskySort.sort.huskySort.NumericSortBenchmarks.bigIntegerRawRadixSort","avgt",1,10,3.215669,0.019922,"ms/op",,,100000,
"edu.neu.coe.huskySort.sort.huskySort.NumericSortBenchmarks.bigIntegerRawRadixSort","avgt",1,10,16.744918,0.110213,"ms/op",,,500000,
"edu.neu.coe.huskySort.sort.huskySort.NumericSortBenchmarks.bigIntegerSystemSort","avgt",1,10,3.985368,0.067641,"ms/op",,,20000,
"edu.neu.coe.huskySort.sort.huskySort.NumericSortBenchmarks.bigIntegerSystemSort","avgt",1,10,26.725668,0.918945,"ms/op",,,100000,
"edu.neu.coe.huskySort.sort.huskySort.NumericSortBenchmarks.bigIntegerSystemSort","avgt",1,10,221.546424,4.590474,"ms/op",,,500000,
"edu.neu.coe.huskySort.sort.huskySort.NumericSortBenchmarks.doubleDualPivotQuicksort","avgt",1,10,2.264977,0.041381,"ms/op",,,20000,
"edu.neu.coe.huskySort.sort.huskySort.NumericSortBenchmarks.doubleDualPivotQuicksort","avgt",1,10,14.051261,0.100231,"ms/op",,,100000,
"edu.neu.coe.huskySort.sort.huskySort.NumericSortBenchmarks.doubleDualPivotQuicksort","avgt",1,10,96.132088,2.706982,"ms/op",,,500000,
"edu.neu.coe.huskySort.sort.huskySort.NumericSortBenchmarks.doubleQuickHuskySort","avgt",1,10,2.144347,0.048562,"ms/op",,,20000,
"edu.neu.coe.huskySort.sort.huskySort.NumericSortBenchmarks.doubleQuickHuskySort","avgt",1,10,14.598088,0.280809,"ms/op",,,100000,
"edu.neu.coe.huskySort.sort.huskySort.NumericSortBenchmarks.doubleQuickHuskySort","avgt",1,10,98.295550,4.044647,"ms/op",,,500000,
"edu.neu.coe.huskySort.sort.huskySort.NumericSortBenchmarks.doubleRadixHuskySort11","avgt",1,10,0.619044,0.023871,"ms/op",,,20000,
"edu.neu.coe.huskySort.sort.huskySort.NumericSortBenchmarks.doubleRadixHuskySort11","avgt",1,10,4.047407,0.037957,"ms/op",,,100000,
"edu.neu.coe.huskySort.sort.huskySort.NumericSortBenchmarks.doubleRadixHuskySort11","avgt",1,10,33.021650,0.392609,"ms/op",,,500000,
"edu.neu.coe.huskySort.sort.huskySort.NumericSortBenchmarks.doubleRadixHuskySort16","avgt",1,10,0.701133,0.030461,"ms/op",,,20000,
"edu.neu.coe.huskySort.sort.huskySort.NumericSortBenchmarks.doubleRadixHuskySort16","avgt",1,10,3.805165,0.025284,"ms/op",,,100000,
"edu.neu.coe.huskySort.sort.huskySort.NumericSortBenchmarks.doubleRadixHuskySort16","avgt",1,10,32.254480,0.397994,"ms/op",,,500000,
"edu.neu.coe.huskySort.sort.huskySort.NumericSortBenchmarks.doubleRadixHuskySort8","avgt",1,10,0.701728,0.029035,"ms/op",,,20000,
"edu.neu.coe.huskySort.sort.huskySort.NumericSortBenchmarks.doubleRadixHuskySort8","avgt",1,10,4.434135,0.054140,"ms/op",,,100000,
"edu.neu.coe.huskySort.sort.huskySort.NumericSortBenchmarks.doubleRadixHuskySort8","avgt",1,10,34.594691,0.379542,"ms/op",,,500000,
"edu.neu.coe.huskySort.sort.huskySort.NumericSortBenchmarks.doubleRawQuicksort","avgt",1,10,1.254173,0.006466,"ms/op",,,20000,
"edu.neu.coe.huskySort.sort.huskySort.NumericSortBenchmarks.doubleRawQuicksort","avgt",1,10,7.527314,0.027158,"ms/op",,,100000,
"edu.neu.coe.huskySort.sort.huskySort.NumericSortBenchmarks.doubleRawQuicksort","avgt",1,10,42.609260,0.185053,"ms/op",,,500000,
"edu.neu.coe.huskySort.sort.huskySort.NumericSortBenchmarks.doubleRawRadixSort","avgt",1,10,0.586312,0.003295,"ms/op",,,20000,
"edu.neu.coe.huskySort.sort.huskySort.NumericSortBenchmarks.doubleRawRadixSort","avgt",1,10,2.312239,0.042387,"ms/op",,,100000,
"edu.neu.coe.huskySort.sort.huskySort.NumericSortBenchmarks.doubleRawRadixSort","avgt",1,10,11.957282,0.049226,"ms/op",,,500000,
"edu.neu.coe.huskySort.sort.huskySort.NumericSortBenchmarks.doubleSystemSort","avgt",1,10,3.132374,0.047149,"ms/op",,,20000,
"edu.neu.coe.huskySort.sort.huskySort.NumericSortBenchmarks.doubleSystemSort","avgt",1,10,19.518148,0.502962,"ms/op",,,100000,
"edu.neu.coe.huskySort.sort.huskySort.NumericSortBenchmarks.doubleSystemSort","avgt",1,10,150.233528,3.185077,"ms/op",,,500000,
"edu.neu.coe.huskySort.sort.huskySort.NumericSortBenchmarks.integerDualPivotQuicksort","avgt",1,10,2.012303,0.012929,"ms/op",,,20000,
"edu.neu.coe.huskySort.sort.huskySort.NumericSortBenchmarks.integerDualPivotQuicksort","avgt",1,10,13.138861,0.175103,"ms/op",,,100000,
"edu.neu.coe.huskySort.sort.huskySort.NumericSortBenchmarks.integerDualPivotQuicksort","avgt",1,10,85.548039,4.230284,"ms/op",,,500000,
"edu.neu.coe.huskySort.sort.huskySort.NumericSortBenchmarks.integerQuickHuskySort","avgt",1,10,2.109773,0.018993,"ms/op",,,20000,
"edu.neu.coe.huskySort.sort.huskySort.NumericSortBenchmarks.integerQuickHuskySort","avgt",1,10,13.343172,0.247981,"ms/op",,,100000,
"edu.neu.coe.huskySort.sort.huskySort.NumericSortBenchmarks.integerQuickHuskySort","avgt",1,10,86.989483,4.240130,"ms/op",,,500000,
"edu.neu.coe.huskySort.sort.huskySort.NumericSortBenchmarks.integerRadixHuskySort11","avgt",1,10,0.575405,0.027173,"ms/op",,,20000,
"edu.neu.coe.huskySort.sort.huskySort.NumericSortBenchmarks.integerRadixHuskySort11","avgt",1,10,3.740084,0.029201,"ms/op",,,100000,
"edu.neu.coe.huskySort.sort.huskySort.NumericSortBenchmarks.integerRadixHuskySort11","avgt",1,10,28.716783,1.198316,"ms/op",,,500000,
"edu.neu.coe.huskySort.sort.huskySort.NumericSortBenchmarks.integerRadixHuskySort16","avgt",1,10,0.641090,0.042670,"ms/op",,,20000,
"edu.neu.coe.huskySort.sort.huskySort.NumericSortBenchmarks.integerRadixHuskySort16","avgt",1,10,3.467104,0.061433,"ms/op",,,100000,
"edu.neu.coe.huskySort.sort.huskySort.NumericSortBenchmarks.integerRadixHuskySort16","avgt",1,10,26.540008,0.194799,"ms/op",,,500000,
"edu.neu.coe.huskySort.sort.huskySort.NumericSortBenchmarks.integerRadixHuskySort8","avgt",1,10,0.698552,0.038967,"ms/op",,,20000,
"edu.neu.coe.huskySort.sort.huskySort.NumericSortBenchmarks.integerRadixHuskySort8","avgt",1,10,4.668166,0.517229,"ms/op",,,100000,
"edu.neu.coe.huskySort.sort.huskySort.NumericSortBenchmarks.integerRadixHuskySort8","avgt",1,10,31.140952,0.332304,"ms/op",,,500000,
"edu.neu.coe.huskySort.sort.huskySort.NumericSortBenchmarks.integerRawQuicksort","avgt",1,10,1.141117,0.005892,"ms/op",,,20000,
"edu.neu.coe.huskySort.sort.huskySort.NumericSortBenchmarks.integerRawQuicksort","avgt",1,10,6.697925,0.015716,"ms/op",,,100000,
"edu.neu.coe.huskySort.sort.huskySort.NumericSortBenchmarks.integerRawQuicksort","avgt",1,10,37.883572,0.128016,"ms/op",,,500000,
"edu.neu.coe.huskySort.sort.huskySort.NumericSortBenchmarks.integerRawRadixSort","avgt",1,10,0.638012,0.004273,"ms/op",,,20000,
"edu.neu.coe.huskySort.sort.huskySort.NumericSortBenchmarks.integerRawRadixSort","avgt",1,10,2.518723,0.005501,"ms/op",,,100000,
"edu.neu.coe.huskySort.sort.huskySort.NumericSortBenchmarks.integerRawRadixSort","avgt",1,10,12.733189,0.134242,"ms/op",,,500000,
"edu.neu.coe.huskySort.sort.huskySort.NumericSortBenchmarks.integerSystemSort","avgt",1,10,2.941526,0.043629,"ms/op",,,20000,
"edu.neu.coe.huskySort.sort.huskySort.NumericSortBenchmarks.integerSystemSort","avgt",1,10,19.163395,0.209606,"ms/op",,,100000,
"edu.neu.coe.huskySort.sort.huskySort.NumericSortBenchmarks.integerSystemSort","avgt",1,10,133.748698,1.538769,"ms/op",,,500000,
"edu.neu.coe.huskySort.sort.huskySort.NumericSortBenchmarks.longDualPivotQuicksort","avgt",1,10,2.102747,0.066381,"ms/op",,,20000,
"edu.neu.coe.huskySort.sort.huskySort.NumericSortBenchmarks.longDualPivotQuicksort","avgt",1,10,14.292619,0.775699,"ms/op",,,100000,
"edu.neu.coe.huskySort.sort.huskySort.NumericSortBenchmarks.longDualPivotQuicksort","avgt",1,10,96.621218,2.162403,"ms/op",,,500000,
"edu.neu.coe.huskySort.sort.huskySort.NumericSortBenchmarks.longQuickHuskySort","avgt",1,10,2.208979,0.062967,"ms/op",,,20000,
"edu.neu.coe.huskySort.sort.huskySort.NumericSortBenchmarks.longQuickHuskySort","avgt",1,10,13.704771,0.268666,"ms/op",,,100000,
"edu.neu.coe.huskySort.sort.huskySort.NumericSortBenchmarks.longQuickHuskySort","avgt",1,10,106.461081,2.152588,"ms/op",,,500000,
"edu.neu.coe.huskySort.sort.huskySort.NumericSortBenchmarks.longRadixHuskySort11","avgt",1,10,0.516031,0.019763,"ms/op",,,20000,
"edu.neu.coe.huskySort.sort.huskySort.NumericSortBenchmarks.longRadixHuskySort11","avgt",1,10,3.634562,0.039374,"ms/op",,,100000,
"edu.neu.coe.huskySort.sort.huskySort.NumericSortBenchmarks.longRadixHuskySort11","avgt",1,10,28.497768,0.557298,"ms/op",,,500000,
"edu.neu.coe.huskySort.sort.huskySort.NumericSortBenchmarks.longRadixHuskySort16","avgt",1,10,0.651299,0.055518,"ms/op",,,20000,
"edu.neu.coe.huskySort.sort.huskySort.NumericSortBenchmarks.longRadixHuskySort16","avgt",1,10,3.864379,0.267348,"ms/op",,,100000,
"edu.neu.coe.huskySort.sort.huskySort.NumericSortBenchmarks.longRadixHuskySort16","avgt",1,10,28.633161,0.204297,"ms/op",,,500000,
"edu.neu.coe.huskySort.sort.huskySort.NumericSortBenchmarks.longRadixHuskySort8","avgt",1,10,0.589292,0.039532,"ms/op",,,20000,
"edu.neu.coe.huskySort.sort.huskySort.NumericSortBenchmarks.longRadixHuskySort8","avgt",1,10,3.895717,0.032006,"ms/op",,,100000,
"edu.neu.coe.huskySort.sort.huskySort.NumericSortBenchmarks.longRadixHuskySort8","avgt",1,10,30.993722,1.161206,"ms/op",,,500000,
"edu.neu.coe.huskySort.sort.huskySort.NumericSortBenchmarks.longRawQuicksort","avgt",1,10,1.116250,0.006847,"ms/op",,,20000,
"edu.neu.coe.huskySort.sort.huskySort.NumericSortBenchmarks.longRawQuicksort","avgt",1,10,6.693805,0.013546,"ms/op",,,100000,
"edu.neu.coe.huskySort.sort.huskySort.NumericSortBenchmarks.longRawQuicksort","avgt",1,10,38.579070,0.071574,"ms/op",,,500000,
"edu.neu.coe.huskySort.sort.huskySort.NumericSortBenchmarks.longRawRadixSort","avgt",1,10,0.602642,0.001030,"ms/op",,,20000,
"edu.neu.coe.huskySort.sort.huskySort.NumericSortBenchmarks.longRawRadixSort","avgt",1,10,2.408057,0.005080,"ms/op",,,100000,
"edu.neu.coe.huskySort.sort.huskySort.NumericSortBenchmarks.longRawRadixSort","avgt",1,10,12.644688,0.197184,"ms/op",,,500000,
"edu.neu.coe.huskySort.sort.huskySort.NumericSortBenchmarks.longSystemSort","avgt",1,10,2.915943,0.045977,"ms/op",,,20000,
"edu.neu.coe.huskySort.sort.huskySort.NumericSortBenchmarks.longSystemSort","avgt",1,10,18.265711,0.273071,"ms/op",,,100000,
"edu.neu.coe.huskySort.sort.huskySort.NumericSortBenchmarks.longSystemSort","avgt",1,10,142.705834,4.354969,"ms/op",,,500000,
"edu.neu.coe.huskySort.sort.huskySort.ParallelRadixSortBenchmarks.parallelRadixHuskySort11_p1","avgt",1,10,171.319032,9.609775,"ms/op",,,2000000,
"edu.neu.coe.huskySort.sort.huskySort.ParallelRadixSortBenchmarks.parallelRadixHuskySort11_p1","avgt",1,10,980.913234,18.856996,"ms/op",,,10000000,
"edu.neu.coe.huskySort.sort.huskySort.ParallelRadixSortBenchmarks.parallelRadixHuskySort11_p2","avgt",1,10,140.908875,5.986364,"ms/op",,,2000000,
"edu.neu.coe.huskySort.sort.huskySort.ParallelRadixSortBenchmarks.parallelRadixHuskySort11_p2","avgt",1,10,842.390896,26.754661,"ms/op",,,10000000,
"edu.neu.coe.huskySort.sort.huskySort.ParallelRadixSortBenchmarks.parallelRadixHuskySort11_p4","avgt",1,10,115.515970,4.858249,"ms/op",,,2000000,
"edu.neu.coe.huskySort.sort.huskySort.ParallelRadixSortBenchmarks.parallelRadixHuskySort11_p4","avgt",1,10,758.873351,23.493097,"ms/op",,,10000000,
"edu.neu.coe.huskySort.sort.huskySort.ParallelRadixSortBenchmarks.parallelRadixHuskySort11_p8","avgt",1,10,108.710360,4.500128,"ms/op",,,2000000,
"edu.neu.coe.huskySort.sort.huskySort.ParallelRadixSortBenchmarks.parallelRadixHuskySort11_p8","avgt",1,10,672.516642,82.536020,"ms/op",,,10000000,
"edu.neu.coe.huskySort.sort.huskySort.ParallelRadixSortBenchmarks.quickHuskySort","avgt",1,10,1111.224719,47.586252,"ms/op",,,2000000,
"edu.neu.coe.huskySort.sort.huskySort.ParallelRadixSortBenchmarks.quickHuskySort","avgt",1,10,6091.298637,118.509505,"ms/op",,,10000000,
"edu.neu.coe.huskySort.sort.huskySort.ParallelRadixSortBenchmarks.serialRadixHuskySort11","avgt",1,10,182.535656,16.072023,"ms/op",,,2000000,
"edu.neu.coe.huskySort.sort.huskySort.ParallelRadixSortBenchmarks.serialRadixHuskySort11","avgt",1,10,1005.177631,15.536569,"ms/op",,,10000000,
"edu.neu.coe.huskySort.sort.huskySort.StringSortBenchmarks.huskyEncodeOnly","avgt",1,10,0.998747,0.096884,"ms/op",english,,32000,
"edu.neu.coe.huskySort.sort.huskySort.StringSortBenchmarks.huskyEncodeOnly","avgt",1,10,13.285604,0.748333,"ms/op",english,,200000,
"edu.neu.coe.huskySort.sort.huskySort.StringSortBenchmarks.huskyEncodeOnly","avgt",1,10,70.205787,2.530453,"ms/op",english,,1000000,
"edu.neu.coe.huskySort.sort.huskySort.StringSortBenchmarks.huskyEncodeOnly","avgt",1,10,0.421688,0.017177,"ms/op",chinese,,32000,
"edu.neu.coe.huskySort.sort.huskySort.StringSortBenchmarks.huskyEncodeOnly","avgt",1,10,2.846213,0.033735,"ms/op",chinese,,200000,
"edu.neu.coe.huskySort.sort.huskySort.StringSortBenchmarks.huskyEncodeOnly","avgt",1,10,14.117513,0.085047,"ms/op",chinese,,1000000,
"edu.neu.coe.huskySort.sort.huskySort.StringSortBenchmarks.huskyEncodeOnly","avgt",1,10,12.991140,0.067580,"ms/op",chinesenames,,32000,
"edu.neu.coe.huskySort.sort.huskySort.StringSortBenchmarks.huskyEncodeOnly","avgt",1,10,82.283804,1.230177,"ms/op",chinesenames,,200000,
"edu.neu.coe.huskySort.sort.huskySort.StringSortBenchmarks.huskyEncodeOnly","avgt",1,10,411.144426,2.271039,"ms/op",chinesenames,,1000000,
"edu.neu.coe.huskySort.sort.huskySort.StringSortBenchmarks.insertionSort","avgt",1,10,42.454503,0.425333,"ms/op",english,,32000,
"edu.neu.coe.huskySort.sort.huskySort.StringSortBenchmarks.insertionSort","avgt",1,10,1202.854886,12.515319,"ms/op",english,,200000,
"edu.neu.coe.huskySort.sort.huskySort.StringSortBenchmarks.insertionSort","avgt",1,10,27007.253586,104.143335,"ms/op",english,,1000000,
"edu.neu.coe.huskySort.sort.huskySort.StringSortBenchmarks.insertionSort","avgt",1,10,32.287228,0.076248,"ms/op",chinese,,32000,
"edu.neu.coe.huskySort.sort.huskySort.StringSortBenchmarks.insertionSort","avgt",1,10,1042.160980,11.908906,"ms/op",chinese,,200000,
"edu.neu.coe.huskySort.sort.huskySort.StringSortBenchmarks.insertionSort","avgt",1,10,25856.726972,136.574772,"ms/op",chinese,,1000000,
"edu.neu.coe.huskySort.sort.huskySort.StringSortBenchmarks.insertionSort","avgt",1,10,37.315455,0.340399,"ms/op",chinesenames,,32000,
"edu.neu.coe.huskySort.sort.huskySort.StringSortBenchmarks.insertionSort","avgt",1,10,1137.671728,10.409916,"ms/op",chinesenames,,200000,
"edu.neu.coe.huskySort.sort.huskySort.StringSortBenchmarks.insertionSort","avgt",1,10,26517.572363,90.771829,"ms/op",chinesenames,,1000000,
"edu.neu.coe.huskySort.sort.huskySort.StringSortBenchmarks.multikeyQuicksort","avgt",1,10,8.924522,0.203919,"ms/op",english,,32000,
"edu.neu.coe.huskySort.sort.huskySort.StringSortBenchmarks.multikeyQuicksort","avgt",1,10,77.969179,2.519837,"ms/op",english,,200000,
"edu.neu.coe.huskySort.sort.huskySort.StringSortBenchmarks.multikeyQuicksort","avgt",1,10,771.234283,123.752721,"ms/op",english,,1000000,
"edu.neu.coe.huskySort.sort.huskySort.StringSortBenchmarks.multikeyQuicksort","avgt",1,10,6.785582,0.138109,"ms/op",chinese,,32000,
"edu.neu.coe.huskySort.sort.huskySort.StringSortBenchmarks.multikeyQuicksort","avgt",1,10,40.100048,0.728951,"ms/op",chinese,,200000,
"edu.neu.coe.huskySort.sort.huskySort.StringSortBenchmarks.multikeyQuicksort","avgt",1,10,275.549708,0.401797,"ms/op",chinese,,1000000,
"edu.neu.coe.huskySort.sort.huskySort.StringSortBenchmarks.multikeyQuicksort","avgt",1,10,72.957058,0.795926,"ms/op",chinesenames,,32000,
"edu.neu.coe.huskySort.sort.huskySort.StringSortBenchmarks.multikeyQuicksort","avgt",1,10,530.851806,5.132350,"ms/op",chinesenames,,200000,
"edu.neu.coe.huskySort.sort.huskySort.StringSortBenchmarks.multikeyQuicksort","avgt",1,10,3033.669439,34.882212,"ms/op",chinesenames,,1000000,
"edu.neu.coe.huskySort.sort.huskySort.StringSortBenchmarks.quickHuskySort","avgt",1,10,10.150686,0.362500,"ms/op",english,,32000,
"edu.neu.coe.huskySort.sort.huskySort.StringSortBenchmarks.quickHuskySort","avgt",1,10,97.460149,1.843597,"ms/op",english,,200000,
"edu.neu.coe.huskySort.sort.huskySort.StringSortBenchmarks.quickHuskySort","avgt",1,10,725.656123,11.933998,"ms/op",english,,1000000,
"edu.neu.coe.huskySort.sort.huskySort.StringSortBenchmarks.quickHuskySort","avgt",1,10,5.085022,0.089910,"ms/op",chinese,,32000,
"edu.neu.coe.huskySort.sort.huskySort.StringSortBenchmarks.quickHuskySort","avgt",1,10,30.993110,0.625579,"ms/op",chinese,,200000,
"edu.neu.coe.huskySort.sort.huskySort.StringSortBenchmarks.quickHuskySort","avgt",1,10,215.536886,4.608743,"ms/op",chinese,,1000000,
"edu.neu.coe.huskySort.sort.huskySort.StringSortBenchmarks.quickHuskySort","avgt",1,10,34.683162,0.372817,"ms/op",chinesenames,,32000,
"edu.neu.coe.huskySort.sort.huskySort.StringSortBenchmarks.quickHuskySort","avgt",1,10,226.083787,1.403241,"ms/op",chinesenames,,200000,
"edu.neu.coe.huskySort.sort.huskySort.StringSortBenchmarks.quickHuskySort","avgt",1,10,1475.151000,13.485357,"ms/op",chinesenames,,1000000,
"edu.neu.coe.huskySort.sort.huskySort.StringSortBenchmarks.radixHuskySort10","avgt",1,10,5.654957,0.166221,"ms/op",english,,32000,
"edu.neu.coe.huskySort.sort.huskySort.StringSortBenchmarks.radixHuskySort10","avgt",1,10,62.424397,1.530252,"ms/op",english,,200000,
"edu.neu.coe.huskySort.sort.huskySort.StringSortBenchmarks.radixHuskySort10","avgt",1,10,300.044353,17.671178,"ms/op",english,,1000000,
"edu.neu.coe.huskySort.sort.huskySort.StringSortBenchmarks.radixHuskySort10","avgt",1,10,2.078153,0.006646,"ms/op",chinese,,32000,
"edu.neu.coe.huskySort.sort.huskySort.StringSortBenchmarks.radixHuskySort10","avgt",1,10,13.706571,0.553250,"ms/op",chinese,,200000,
"edu.neu.coe.huskySort.sort.huskySort.StringSortBenchmarks.radixHuskySort10","avgt",1,10,87.049777,4.795734,"ms/op",chinese,,1000000,
"edu.neu.coe.huskySort.sort.huskySort.StringSortBenchmarks.radixHuskySort10","avgt",1,10,31.607480,0.286191,"ms/op",chinesenames,,32000,
"edu.neu.coe.huskySort.sort.huskySort.StringSortBenchmarks.radixHuskySort10","avgt",1,10,197.436774,3.402196,"ms/op",chinesenames,,200000,
"edu.neu.coe.huskySort.sort.huskySort.StringSortBenchmarks.radixHuskySort10","avgt",1,10,961.776402,13.305427,"ms/op",chinesenames,,1000000,
"edu.neu.coe.huskySort.sort.huskySort.StringSortBenchmarks.radixHuskySort11","avgt",1,10,5.566805,0.224612,"ms/op",english,,32000,
"edu.neu.coe.huskySort.sort.huskySort.StringSortBenchmarks.radixHuskySort11","avgt",1,10,63.027867,1.825004,"ms/op",english,,200000,
"edu.neu.coe.huskySort.sort.huskySort.StringSortBenchmarks.radixHuskySort11","avgt",1,10,297.135362,16.391324,"ms/op",english,,1000000,
"edu.neu.coe.huskySort.sort.huskySort.StringSortBenchmarks.radixHuskySort11","avgt",1,10,2.010755,0.040438,"ms/op",chinese,,32000,
"edu.neu.coe.huskySort.sort.huskySort.StringSortBenchmarks.radixHuskySort11","avgt",1,10,12.238580,0.354425,"ms/op",chinese,,200000,
"edu.neu.coe.huskySort.sort.huskySort.StringSortBenchmarks.radixHuskySort11","avgt",1,10,81.336429,4.220567,"ms/op",chinese,,1000000,
"edu.neu.coe.huskySort.sort.huskySort.StringSortBenchmarks.radixHuskySort11","avgt",1,10,31.740905,0.530277,"ms/op",chinesenames,,32000,
"edu.neu.coe.huskySort.sort.huskySort.StringSortBenchmarks.radixHuskySort11","avgt",1,10,196.569630,0.376689,"ms/op",chinesenames,,200000,
"edu.neu.coe.huskySort.sort.huskySort.StringSortBenchmarks.radixHuskySort11","avgt",1,10,955.315873,3.853169,"ms/op",chinesenames,,1000000,
"edu.neu.coe.huskySort.sort.huskySort.StringSortBenchmarks.radixHuskySort12","avgt",1,10,5.444151,0.307179,"ms/op",english,,32000,
"edu.neu.coe.huskySort.sort.huskySort.StringSortBenchmarks.radixHuskySort12","avgt",1,10,61.328381,2.734271,"ms/op",english,,200000,
"edu.neu.coe.huskySort.sort.huskySort.StringSortBenchmarks.radixHuskySort12","avgt",1,10,303.686399,5.860963,"ms/op",english,,1000000,
"edu.neu.coe.huskySort.sort.huskySort.StringSortBenchmarks.radixHuskySort12","avgt",1,10,2.056258,0.009130,"ms/op",chinese,,32000,
"edu.neu.coe.huskySort.sort.huskySort.StringSortBenchmarks.radixHuskySort12","avgt",1,10,12.657802,0.376758,"ms/op",chinese,,200000,
"edu.neu.coe.huskySort.sort.huskySort.StringSortBenchmarks.radixHuskySort12","avgt",1,10,80.176470,3.433436,"ms/op",chinese,,1000000,
"edu.neu.coe.huskySort.sort.huskySort.StringSortBenchmarks.radixHuskySort12","avgt",1,10,31.485474,0.291693,"ms/op",chinesenames,,32000,
"edu.neu.coe.huskySort.sort.huskySort.StringSortBenchmarks.radixHuskySort12","avgt",1,10,194.580720,3.006235,"ms/op",chinesenames,,200000,
"edu.neu.coe.huskySort.sort.huskySort.StringSortBenchmarks.radixHuskySort12","avgt",1,10,952.566980,2.566072,"ms/op",chinesenames,,1000000,
"edu.neu.coe.huskySort.sort.huskySort.StringSortBenchmarks.radixHuskySort13","avgt",1,10,5.351299,0.100778,"ms/op",english,,32000,
"edu.neu.coe.huskySort.sort.huskySort.StringSortBenchmarks.radixHuskySort13","avgt",1,10,60.013344,1.027681,"ms/op",english,,200000,
"edu.neu.coe.huskySort.sort.huskySort.StringSortBenchmarks.radixHuskySort13","avgt",1,10,299.646697,8.570342,"ms/op",english,,1000000,
"edu.neu.coe.huskySort.sort.huskySort.StringSortBenchmarks.radixHuskySort13","avgt",1,10,1.949768,0.005616,"ms/op",chinese,,32000,
"edu.neu.coe.huskySort.sort.huskySort.StringSortBenchmarks.radixHuskySort13","avgt",1,10,11.852809,0.213927,"ms/op",chinese,,200000,
"edu.neu.coe.huskySort.sort.huskySort.StringSortBenchmarks.radixHuskySort13","avgt",1,10,79.305909,3.609151,"ms/op",chinese,,1000000,
"edu.neu.coe.huskySort.sort.huskySort.StringSortBenchmarks.radixHuskySort13","avgt",1,10,31.618759,0.239899,"ms/op",chinesenames,,32000,
"edu.neu.coe.huskySort.sort.huskySort.StringSortBenchmarks.radixHuskySort13","avgt",1,10,193.971749,3.651762,"ms/op",chinesenames,,200000,
"edu.neu.coe.huskySort.sort.huskySort.StringSortBenchmarks.radixHuskySort13","avgt",1,10,956.027399,4.604256,"ms/op",chinesenames,,1000000,
"edu.neu.coe.huskySort.sort.huskySort.StringSortBenchmarks.radixHuskySort14","avgt",1,10,5.423761,0.272837,"ms/op",english,,32000,
"edu.neu.coe.huskySort.sort.huskySort.StringSortBenchmarks.radixHuskySort14","avgt",1,10,60.058430,1.229188,"ms/op",english,,200000,
"edu.neu.coe.huskySort.sort.huskySort.StringSortBenchmarks.radixHuskySort14","avgt",1,10,306.781740,8.475216,"ms/op",english,,1000000,
"edu.neu.coe.huskySort.sort.huskySort.StringSortBenchmarks.radixHuskySort14","avgt",1,10,2.019154,0.065274,"ms/op",chinese,,32000,
"edu.neu.coe.huskySort.sort.huskySort.StringSortBenchmarks.radixHuskySort14","avgt",1,10,12.440625,0.126650,"ms/op",chinese,,200000,
"edu.neu.coe.huskySort.sort.huskySort.StringSortBenchmarks.radixHuskySort14","avgt",1,10,78.621014,4.898557,"ms/op",chinese,,1000000,
"edu.neu.coe.huskySort.sort.huskySort.StringSortBenchmarks.radixHuskySort14","avgt",1,10,31.353764,0.346976,"ms/op",chinesenames,,32000,
"edu.neu.coe.huskySort.sort.huskySort.StringSortBenchmarks.radixHuskySort14","avgt",1,10,193.205442,5.613901,"ms/op",chinesenames,,200000,
"edu.neu.coe.huskySort.sort.huskySort.StringSortBenchmarks.radixHuskySort14","avgt",1,10,952.799053,5.110925,"ms/op",chinesenames,,1000000,
"edu.neu.coe.huskySort.sort.huskySort.StringSortBenchmarks.radixHuskySort16","avgt",1,10,5.273965,0.247175,"ms/op",english,,32000,
"edu.neu.coe.huskySort.sort.huskySort.StringSortBenchmarks.radixHuskySort16","avgt",1,10,61.489721,2.026564,"ms/op",english,,200000,
"edu.neu.coe.huskySort.sort.huskySort.StringSortBenchmarks.radixHuskySort16","avgt",1,10,289.535650,18.472028,"ms/op",english,,1000000,
"edu.neu.coe.huskySort.sort.huskySort.StringSortBenchmarks.radixHuskySort16","avgt",1,10,1.957067,0.050016,"ms/op",chinese,,32000,
"edu.neu.coe.huskySort.sort.huskySort.StringSortBenchmarks.radixHuskySort16","avgt",1,10,11.248831,0.201863,"ms/op",chinese,,200000,
"edu.neu.coe.huskySort.sort.huskySort.StringSortBenchmarks.radixHuskySort16","avgt",1,10,75.570102,6.822867,"ms/op",chinese,,1000000,
"edu.neu.coe.huskySort.sort.huskySort.StringSortBenchmarks.radixHuskySort16","avgt",1,10,31.033125,0.167095,"ms/op",chinesenames,,32000,
"edu.neu.coe.huskySort.sort.huskySort.StringSortBenchmarks.radixHuskySort16","avgt",1,10,190.198490,1.320107,"ms/op",chinesenames,,200000,
"edu.neu.coe.huskySort.sort.huskySort.StringSortBenchmarks.radixHuskySort16","avgt",1,10,955.478947,4.406685,"ms/op",chinesenames,,1000000,
"edu.neu.coe.huskySort.sort.huskySort.StringSortBenchmarks.radixHuskySort8","avgt",1,10,5.476350,0.102178,"ms/op",english,,32000,
"edu.neu.coe.huskySort.sort.huskySort.StringSortBenchmarks.radixHuskySort8","avgt",1,10,63.850180,0.980450,"ms/op",english,,200000,
"edu.neu.coe.huskySort.sort.huskySort.StringSortBenchmarks.radixHuskySort8","avgt",1,10,309.305734,14.262624,"ms/op",english,,1000000,
"edu.neu.coe.huskySort.sort.huskySort.StringSortBenchmarks.radixHuskySort8","avgt",1,10,2.259757,0.012963,"ms/op",chinese,,32000,
"edu.neu.coe.huskySort.sort.huskySort.StringSortBenchmarks.radixHuskySort8","avgt",1,10,14.280779,0.966362,"ms/op",chinese,,200000,
"edu.neu.coe.huskySort.sort.huskySort.StringSortBenchmarks.radixHuskySort8","avgt",1,10,89.997530,3.524673,"ms/op",chinese,,1000000,
"edu.neu.coe.huskySort.sort.huskySort.StringSortBenchmarks.radixHuskySort8","avgt",1,10,31.857849,0.221062,"ms/op",chinesenames,,32000,
"edu.neu.coe.huskySort.sort.huskySort.StringSortBenchmarks.radixHuskySort8","avgt",1,10,198.373696,0.442076,"ms/op",chinesenames,,200000,
"edu.neu.coe.huskySort.sort.huskySort.StringSortBenchmarks.radixHuskySort8","avgt",1,10,968.888295,7.545729,"ms/op",chinesenames,,1000000,
"edu.neu.coe.huskySort.sort.huskySort.StringSortBenchmarks.systemSort","avgt",1,10,13.775913,0.196977,"ms/op",english,,32000,
"edu.neu.coe.huskySort.sort.huskySort.StringSortBenchmarks.systemSort","avgt",1,10,145.498439,2.135409,"ms/op",english,,200000,
"edu.neu.coe.huskySort.sort.huskySort.StringSortBenchmarks.systemSort","avgt",1,10,1220.332361,33.896109,"ms/op",english,,1000000,
"edu.neu.coe.huskySort.sort.huskySort.StringSortBenchmarks.systemSort","avgt",1,10,9.690951,0.122039,"ms/op",chinese,,32000,
"edu.neu.coe.huskySort.sort.huskySort.StringSortBenchmarks.systemSort","avgt",1,10,70.480003,1.051153,"ms/op",chinese,,200000,
"edu.neu.coe.huskySort.sort.huskySort.StringSortBenchmarks.systemSort","avgt",1,10,442.237150,4.736605,"ms/op",chinese,,1000000,
"edu.neu.coe.huskySort.sort.huskySort.StringSortBenchmarks.systemSort","avgt",1,10,11.033673,0.129671,"ms/op",chinesenames,,32000,
"edu.neu.coe.huskySort.sort.huskySort.StringSortBenchmarks.systemSort","avgt",1,10,108.709561,3.287523,"ms/op",chinesenames,,200000,
"edu.neu.coe.huskySort.sort.huskySort.StringSortBenchmarks.systemSort","avgt",1,10,851.306560,17.130962,"ms/op",chinesenames,,1000000,
"edu.neu.coe.huskySort.sort.huskySort.TupleSortBenchmarks.dualPivotQuicksort","avgt",1,10,3.870445,1.068346,"ms/op",,,20000,
"edu.neu.coe.huskySort.sort.huskySort.TupleSortBenchmarks.dualPivotQuicksort","avgt",1,10,23.356573,4.036311,"ms/op",,,100000,
"edu.neu.coe.huskySort.sort.huskySort.TupleSortBenchmarks.dualPivotQuicksort","avgt",1,10,176.680074,65.148654,"ms/op",,,500000,
"edu.neu.coe.huskySort.sort.huskySort.TupleSortBenchmarks.quickHuskySort","avgt",1,10,2.776612,0.062148,"ms/op",,,20000,
"edu.neu.coe.huskySort.sort.huskySort.TupleSortBenchmarks.quickHuskySort","avgt",1,10,17.656194,0.406530,"ms/op",,,100000,
"edu.neu.coe.huskySort.sort.huskySort.TupleSortBenchmarks.quickHuskySort","avgt",1,10,146.086442,4.544383,"ms/op",,,500000,
"edu.neu.coe.huskySort.sort.huskySort.TupleSortBenchmarks.radixHuskySort11","avgt",1,10,1.218807,0.035902,"ms/op",,,20000,
"edu.neu.coe.huskySort.sort.huskySort.TupleSortBenchmarks.radixHuskySort11","avgt",1,10,7.415799,0.061945,"ms/op",,,100000,
"edu.neu.coe.huskySort.sort.huskySort.TupleSortBenchmarks.radixHuskySort11","avgt",1,10,63.430609,1.768196,"ms/op",,,500000,
"edu.neu.coe.huskySort.sort.huskySort.TupleSortBenchmarks.radixHuskySort16","avgt",1,10,1.288338,0.027662,"ms/op",,,20000,
"edu.neu.coe.huskySort.sort.huskySort.TupleSortBenchmarks.radixHuskySort16","avgt",1,10,6.730070,0.137263,"ms/op",,,100000,
"edu.neu.coe.huskySort.sort.huskySort.TupleSortBenchmarks.radixHuskySort16","avgt",1,10,60.711323,2.349546,"ms/op",,,500000,
"edu.neu.coe.huskySort.sort.huskySort.TupleSortBenchmarks.radixHuskySort8","avgt",1,10,1.337251,0.019923,"ms/op",,,20000,
"edu.neu.coe.huskySort.sort.huskySort.TupleSortBenchmarks.radixHuskySort8","avgt",1,10,7.726638,0.058492,"ms/op",,,100000,
"edu.neu.coe.huskySort.sort.huskySort.TupleSortBenchmarks.radixHuskySort8","avgt",1,10,68.664187,1.873180,"ms/op",,,500000,
"edu.neu.coe.huskySort.sort.huskySort.TupleSortBenchmarks.systemSort","avgt",1,10,3.737248,0.058142,"ms/op",,,20000,
"edu.neu.coe.huskySort.sort.huskySort.TupleSortBenchmarks.systemSort","avgt",1,10,23.841313,0.501300,"ms/op",,,100000,
"edu.neu.coe.huskySort.sort.huskySort.TupleSortBenchmarks.systemSort","avgt",1,10,216.123828,2.215503,"ms/op",,,500000,
